dm, v1
642.5601796887547, 991.6968057346062
883.7684372359909, 831.6664949953104
1188.1795317328404, 710.4856826773262
1671.851756601716, 590.3339826988271
2028.8345665385125, 533.1398840980708
