dm, v1
10.116951739912427, 4.357831418275104
11.598868937377265, 4.198743955660095
13.450303198934998, 4.045371745784967
