dm, v1
10.230597298425085, 4.085099163254875
988.6657856152133, 972.7155815749187
